0,1,2
208,22.0,42.0
228,17.0,40.0
185,24.0,48.0
194,20.0,44.0
199,23.0,50.0
211,15.0,41.0
572,23.0,128.0
687,13.0,138.0
767,30.0,124.0
663,20.0,147.0
453,21.0,121.0
748,24.0,148.0
589,37.0,164.0
522,51.0,106.0
436,57.0,73.0
518,66.0,146.0
431,55.0,58.0
345,36.0,66.0
179,9.0,56.0
142,15.0,63.0
145,17.0,67.0
204,23.0,65.0
181,9.0,59.0
186,16.0,35.0
161,15.0,46.0
153,17.0,51.0
192,12.0,35.0
172,17.0,46.0
177,15.0,43.0
231,56.0,161.0
245,53.0,161.0
305,55.0,160.0
262,51.0,155.0
240,48.0,177.0
285,60.0,152.0
278,24.0,38.0
324,18.0,51.0
297,37.0,50.0
294,36.0,38.0
323,24.0,58.0
297,21.0,58.0
344,14.0,62.0
296,17.0,42.0
312,15.0,63.0
302,14.0,42.0
340,20.0,68.0
424,72.0,80.0
508,78.0,70.0
474,71.0,76.0
401,83.0,97.0
412,77.0,95.0
383,86.0,92.0
589,26.0,97.0
693,29.0,131.0
604,32.0,98.0
787,24.0,141.0
822,36.0,142.0
624,33.0,91.0
305,38.0,48.0
223,43.0,60.0
258,35.0,57.0
232,28.0,52.0
230,30.0,59.0
217,33.0,55.0
332,35.0,75.0
330,35.0,72.0
333,40.0,65.0
319,45.0,90.0
333,35.0,81.0
283,28.0,51.0
268,34.0,70.0
284,27.0,47.0
256,41.0,62.0
297,29.0,50.0
260,49.0,56.0
232,38.0,73.0
231,40.0,67.0
233,41.0,63.0
245,30.0,61.0
241,44.0,78.0
231,32.0,67.0
503,45.0,17.0
481,31.0,51.0
477,40.0,34.0
476,30.0,32.0
476,24.0,51.0
500,46.0,20.0
450,34.0,48.0
472,39.0,73.0
444,40.0,76.0
452,35.0,58.0
447,35.0,65.0
427,39.0,46.0
315,42.0,69.0
333,33.0,56.0
306,38.0,68.0
326,31.0,58.0
317,44.0,64.0
336,63.0,66.0
339,69.0,85.0
335,69.0,93.0
349,70.0,86.0
336,72.0,75.0
318,57.0,78.0
8610,829.0,2054.0
11080,1224.0,3064.0
12940,1603.0,3894.0
6286,639.0,1327.0
3851,387.0,750.0
8020,987.0,2616.0
1209,98.0,172.0
1509,140.0,197.0
1262,73.0,155.0
1476,130.0,215.0
1299,103.0,187.0
1279,90.0,193.0
211,22.0,31.0
247,23.0,34.0
226,24.0,41.0
243,18.0,32.0
255,21.0,38.0
203,26.0,39.0
646,58.0,133.0
618,71.0,138.0
584,56.0,132.0
221,20.0,59.0
213,29.0,71.0
216,24.0,71.0
324,23.0,53.0
213,15.0,68.0
66,,10.0
456,35.0,65.0
461,34.0,77.0
443,48.0,91.0
440,53.0,90.0
480,34.0,68.0
436,46.0,97.0
280,36.0,80.0
268,29.0,75.0
254,20.0,71.0
270,21.0,64.0
270,26.0,73.0
262,19.0,67.0
406,30.0,79.0
405,35.0,78.0
407,22.0,66.0
494,25.0,71.0
448,20.0,93.0
445,30.0,79.0
694,45.0,111.0
726,49.0,93.0
676,45.0,87.0
715,37.0,93.0
702,46.0,96.0
748,44.0,90.0
359,22.0,48.0
376,25.0,39.0
336,39.0,53.0
390,30.0,44.0
334,29.0,46.0
270,30.0,50.0
260,33.0,69.0
252,33.0,46.0
270,34.0,58.0
275,32.0,57.0
244,49.0,54.0
260,43.0,50.0
259,47.0,58.0
268,46.0,67.0
251,47.0,54.0
273,40.0,85.0
516,39.0,83.0
507,35.0,91.0
515,40.0,90.0
496,37.0,81.0
518,45.0,90.0
499,27.0,80.0
262,49.0,50.0
220,51.0,65.0
263,51.0,51.0
250,54.0,62.0
214,64.0,54.0
236,44.0,49.0
401,26.0,48.0
363,20.0,38.0
384,24.0,49.0
385,26.0,53.0
385,19.0,39.0
459,21.0,43.0
779,46.0,113.0
744,34.0,124.0
775,34.0,161.0
723,41.0,153.0
859,48.0,97.0
730,61.0,148.0
269,37.0,66.0
231,38.0,75.0
243,25.0,55.0
240,28.0,64.0
217,20.0,73.0
285,30.0,51.0
283,33.0,47.0
228,31.0,69.0
332,48.0,93.0
356,34.0,63.0
325,43.0,78.0
466,39.0,80.0
350,41.0,128.0
340,39.0,57.0
232,38.0,73.0
231,40.0,67.0
233,41.0,63.0
245,30.0,61.0
241,44.0,78.0
231,32.0,67.0
501,48.0,86.0
417,52.0,75.0
476,43.0,78.0
410,47.0,74.0
417,32.0,87.0
401,32.0,78.0
122,35.0,43.0
120,55.0,11.0
333,50.0,49.0
119,54.0,32.0
122,56.0,14.0
162,35.0,41.0
505,47.0,105.0
562,37.0,118.0
560,49.0,115.0
486,66.0,136.0
578,43.0,143.0
498,68.0,137.0
1611,91.0,210.0
2042,98.0,262.0
2103,115.0,214.0
1247,82.0,198.0
2029,127.0,215.0
1924,120.0,226.0
403,57.0,76.0
473,68.0,101.0
403,56.0,92.0
414,56.0,76.0
470,56.0,77.0
459,75.0,95.0
245,46.0,34.0
241,36.0,48.0
236,44.0,43.0
264,37.0,54.0
221,43.0,38.0
247,47.0,37.0
340,106.0,72.0
341,101.0,57.0
355,100.0,70.0
373,100.0,61.0
331,103.0,68.0
329,21.0,49.0
345,35.0,58.0
332,21.0,50.0
336,42.0,57.0
348,39.0,58.0
325,25.0,42.0
593,38.0,72.0
610,36.0,77.0
592,41.0,83.0
639,42.0,72.0
598,32.0,75.0
621,37.0,80.0
434,31.0,90.0
448,38.0,99.0
461,35.0,94.0
461,26.0,79.0
444,23.0,80.0
465,23.0,83.0
252,37.0,72.0
217,48.0,80.0
258,37.0,73.0
229,35.0,82.0
221,57.0,74.0
293,36.0,66.0
320,48.0,88.0
395,51.0,79.0
347,24.0,80.0
388,37.0,81.0
317,41.0,92.0
280,18.0,37.0
1123,48.0,88.0
306,16.0,37.0
290,12.0,41.0
1154,51.0,77.0
1141,62.0,91.0
189,38.0,34.0
195,35.0,35.0
204,27.0,37.0
193,45.0,38.0
187,27.0,38.0
197,43.0,43.0
620,39.0,101.0
717,40.0,89.0
626,26.0,97.0
648,35.0,86.0
671,26.0,110.0
667,39.0,88.0
274,42.0,89.0
266,43.0,88.0
248,58.0,109.0
252,58.0,125.0
272,48.0,93.0
274,61.0,110.0
3406,242.0,420.0
3195,192.0,504.0
3581,235.0,525.0
4057,278.0,736.0
3321,192.0,573.0
3347,222.0,618.0
798,51.0,143.0
373,37.0,81.0
380,29.0,85.0
404,33.0,81.0
388,47.0,73.0
362,45.0,63.0
7193,626.0,1257.0
7996,583.0,1039.0
7299,517.0,1124.0
6680,587.0,1117.0
8260,622.0,1040.0
3393,294.0,520.0
1124,92.0,136.0
1101,89.0,139.0
1172,106.0,182.0
946,75.0,148.0
1151,90.0,139.0
1167,104.0,180.0
607,29.0,65.0
691,42.0,75.0
616,35.0,76.0
581,18.0,65.0
655,44.0,77.0
614,29.0,62.0
240,52.0,35.0
266,52.0,24.0
237,51.0,32.0
270,38.0,27.0
254,40.0,34.0
327,34.0,103.0
243,49.0,114.0
257,39.0,93.0
381,47.0,101.0
221,45.0,118.0
265,41.0,124.0
316,21.0,51.0
335,37.0,53.0
301,31.0,33.0
335,47.0,63.0
321,30.0,43.0
336,29.0,52.0
607,52.0,94.0
646,43.0,71.0
620,44.0,88.0
623,39.0,110.0
663,46.0,68.0
642,40.0,65.0
241,37.0,35.0
257,34.0,46.0
248,52.0,49.0
241,32.0,43.0
253,53.0,42.0
209,39.0,33.0
273,43.0,34.0
291,61.0,27.0
208,27.0,42.0
251,35.0,27.0
202,34.0,37.0
325,37.0,27.0
257,32.0,38.0
330,30.0,30.0
252,36.0,43.0
290,39.0,29.0
254,33.0,34.0
281,58.0,39.0
516,39.0,65.0
535,46.0,66.0
503,71.0,61.0
537,58.0,52.0
534,59.0,68.0
720,71.0,110.0
731,68.0,97.0
680,44.0,85.0
727,61.0,103.0
611,40.0,78.0
629,46.0,81.0
342,23.0,85.0
280,47.0,78.0
284,43.0,82.0
244,25.0,31.0
246,25.0,30.0
222,24.0,42.0
225,25.0,37.0
236,20.0,40.0
298,26.0,37.0
379,32.0,45.0
273,37.0,41.0
361,34.0,48.0
260,38.0,37.0
268,37.0,42.0
361,24.0,132.0
351,34.0,102.0
322,30.0,85.0
321,32.0,51.0
314,28.0,53.0
347,25.0,68.0
411,30.0,68.0
416,21.0,49.0
428,39.0,73.0
417,38.0,69.0
352,28.0,45.0
375,30.0,41.0
249,19.0,52.0
321,23.0,46.0
259,29.0,47.0
291,28.0,54.0
273,25.0,65.0
567,51.0,103.0
577,48.0,106.0
657,38.0,91.0
595,47.0,103.0
578,47.0,88.0
606,35.0,97.0
293,29.0,38.0
336,50.0,63.0
315,38.0,56.0
347,46.0,66.0
262,32.0,28.0
293,30.0,39.0
458,48.0,118.0
431,38.0,95.0
411,40.0,73.0
413,47.0,80.0
448,51.0,122.0
445,51.0,126.0
614,59.0,96.0
621,52.0,105.0
492,44.0,71.0
624,60.0,94.0
441,45.0,62.0
436,31.0,65.0
699,38.0,84.0
746,43.0,72.0
654,37.0,95.0
328,15.0,61.0
734,47.0,85.0
338,20.0,63.0
65,18.0,65.0
73,5.0,49.0
67,15.0,62.0
65,10.0,53.0
242,33.0,69.0
67,10.0,51.0
297,53.0,58.0
293,53.0,45.0
294,50.0,41.0
319,53.0,52.0
293,46.0,53.0
502,41.0,102.0
439,36.0,112.0
447,52.0,117.0
444,42.0,128.0
519,45.0,109.0
445,59.0,115.0
259,52.0,106.0
376,48.0,101.0
294,47.0,105.0
343,55.0,110.0
386,54.0,111.0
528,51.0,210.0
567,34.0,159.0
533,37.0,130.0
557,36.0,146.0
555,49.0,197.0
528,50.0,220.0
438,39.0,108.0
436,40.0,87.0
373,27.0,71.0
511,42.0,114.0
414,44.0,79.0
414,43.0,84.0
322,47.0,74.0
337,35.0,73.0
311,52.0,90.0
303,52.0,83.0
328,33.0,79.0
325,44.0,89.0
251,31.0,68.0
300,23.0,62.0
274,13.0,56.0
270,26.0,61.0
428,50.0,75.0
390,40.0,63.0
460,53.0,89.0
437,44.0,70.0
457,60.0,84.0
377,39.0,55.0
277,53.0,75.0
282,54.0,79.0
294,31.0,50.0
296,43.0,63.0
299,38.0,53.0
331,39.0,119.0
372,52.0,107.0
394,54.0,175.0
392,61.0,97.0
337,46.0,130.0
359,46.0,148.0
289,14.0,33.0
301,13.0,34.0
276,13.0,38.0
285,14.0,36.0
312,21.0,32.0
378,42.0,51.0
329,32.0,64.0
315,37.0,58.0
355,29.0,54.0
389,38.0,52.0
320,29.0,59.0
308,37.0,63.0
361,36.0,49.0
287,53.0,66.0
289,46.0,57.0
352,34.0,45.0
348,34.0,53.0
3676,341.0,639.0
3364,319.0,488.0
1022,83.0,308.0
5809,461.0,868.0
2826,276.0,375.0
6995,509.0,1183.0
243,85.0,77.0
248,85.0,79.0
309,99.0,80.0
316,68.0,67.0
297,69.0,66.0
313,91.0,67.0
341,31.0,80.0
387,27.0,73.0
385,30.0,78.0
351,30.0,96.0
310,43.0,80.0
379,27.0,69.0
350,34.0,58.0
345,39.0,61.0
325,25.0,40.0
325,27.0,41.0
340,31.0,60.0
338,30.0,38.0
182,19.0,25.0
183,20.0,21.0
199,15.0,30.0
175,22.0,32.0
170,21.0,36.0
174,24.0,33.0
744,55.0,100.0
657,44.0,94.0
738,63.0,107.0
677,45.0,101.0
661,47.0,85.0
684,50.0,112.0
200,27.0,37.0
242,23.0,28.0
228,23.0,29.0
194,26.0,39.0
214,20.0,36.0
407,27.0,78.0
420,29.0,93.0
342,29.0,114.0
416,32.0,75.0
384,28.0,111.0
500,35.0,46.0
392,15.0,73.0
371,22.0,57.0
375,24.0,59.0
553,28.0,53.0
530,19.0,50.0
795,48.0,134.0
890,68.0,101.0
842,55.0,135.0
900,69.0,118.0
876,60.0,97.0
846,40.0,102.0
373,42.0,185.0
311,28.0,124.0
383,38.0,137.0
387,51.0,177.0
387,43.0,176.0
386,35.0,140.0
291,19.0,38.0
284,21.0,60.0
286,26.0,53.0
314,23.0,51.0
289,18.0,40.0
271,17.0,50.0
332,65.0,47.0
352,63.0,25.0
328,66.0,29.0
329,74.0,33.0
354,63.0,29.0
332,71.0,33.0
306,19.0,70.0
378,27.0,72.0
319,30.0,63.0
390,25.0,61.0
370,17.0,67.0
290,42.0,59.0
291,32.0,68.0
294,35.0,65.0
280,47.0,64.0
284,37.0,69.0
302,44.0,64.0
325,44.0,69.0
323,48.0,51.0
321,46.0,49.0
325,41.0,68.0
230,50.0,28.0
221,35.0,59.0
223,30.0,47.0
252,32.0,50.0
214,38.0,63.0
195,39.0,66.0
237,29.0,49.0
354,20.0,36.0
363,33.0,35.0
364,29.0,26.0
366,27.0,23.0
371,37.0,40.0
357,30.0,54.0
415,46.0,120.0
567,44.0,112.0
565,49.0,129.0
435,42.0,116.0
557,48.0,125.0
544,41.0,113.0
351,35.0,102.0
348,36.0,103.0
477,32.0,93.0
487,56.0,114.0
533,34.0,100.0
493,35.0,95.0
470,39.0,102.0
511,38.0,131.0
258,37.0,63.0
294,38.0,43.0
274,34.0,49.0
300,50.0,98.0
234,46.0,63.0
239,44.0,58.0
1158,42.0,280.0
891,38.0,209.0
1077,47.0,268.0
1105,42.0,285.0
946,35.0,206.0
861,35.0,201.0
322,29.0,46.0
329,35.0,73.0
310,32.0,83.0
328,33.0,51.0
328,32.0,51.0
329,36.0,74.0
275,55.0,59.0
294,35.0,61.0
273,46.0,51.0
286,42.0,57.0
282,42.0,50.0
219,39.0,91.0
256,35.0,98.0
352,33.0,143.0
353,44.0,135.0
382,38.0,142.0
264,35.0,104.0
278,13.0,28.0
267,15.0,26.0
268,18.0,31.0
254,18.0,31.0
246,18.0,40.0
257,12.0,29.0
259,33.0,49.0
274,28.0,42.0
286,25.0,47.0
281,24.0,49.0
278,30.0,48.0
255,35.0,47.0
523,77.0,96.0
596,77.0,79.0
560,72.0,89.0
538,87.0,89.0
555,56.0,81.0
454,15.0,92.0
1519,90.0,239.0
432,17.0,96.0
457,19.0,80.0
438,11.0,84.0
420,16.0,87.0
256,40.0,61.0
246,54.0,71.0
241,55.0,78.0
259,52.0,80.0
236,49.0,61.0
252,54.0,59.0
325,74.0,42.0
340,89.0,87.0
344,82.0,77.0
312,66.0,46.0
316,81.0,88.0
350,77.0,57.0
275,35.0,84.0
300,37.0,78.0
280,43.0,74.0
309,34.0,67.0
272,36.0,82.0
266,41.0,84.0
1462,117.0,175.0
1175,113.0,201.0
684,118.0,121.0
1117,101.0,170.0
264,33.0,87.0
748,127.0,122.0
2304,121.0,223.0
816,47.0,132.0
1353,65.0,170.0
1045,44.0,134.0
674,40.0,103.0
458,31.0,84.0
569,66.0,157.0
543,80.0,142.0
578,80.0,152.0
597,58.0,137.0
582,74.0,140.0
220,43.0,87.0
353,29.0,49.0
369,30.0,51.0
370,30.0,38.0
443,25.0,55.0
380,36.0,50.0
477,22.0,54.0
140,16.0,56.0
153,16.0,56.0
149,17.0,54.0
150,15.0,49.0
139,21.0,51.0
276,45.0,44.0
330,38.0,32.0
255,57.0,46.0
322,53.0,31.0
297,55.0,53.0
582,15.0,34.0
517,19.0,27.0
575,19.0,28.0
661,20.0,47.0
628,21.0,46.0
680,23.0,46.0
413,56.0,113.0
427,62.0,97.0
388,67.0,108.0
386,61.0,73.0
392,69.0,85.0
391,56.0,115.0
156,48.0,42.0
1279,142.0,347.0
168,37.0,34.0
514,68.0,98.0
156,41.0,43.0
186,69.0,46.0
481,57.0,88.0
591,60.0,71.0
653,52.0,82.0
376,41.0,69.0
412,38.0,67.0
355,38.0,62.0
427,31.0,70.0
406,38.0,72.0
432,30.0,70.0
378,44.0,93.0
476,72.0,83.0
365,61.0,116.0
430,76.0,84.0
357,58.0,116.0
418,52.0,108.0
474,105.0,60.0
464,105.0,75.0
472,109.0,56.0
459,93.0,83.0
450,97.0,70.0
475,102.0,52.0
291,28.0,83.0
325,28.0,119.0
293,35.0,71.0
364,32.0,117.0
332,27.0,113.0
326,98.0,81.0
331,120.0,146.0
350,118.0,136.0
337,94.0,90.0
286,57.0,75.0
333,110.0,118.0
416,24.0,50.0
438,27.0,55.0
451,30.0,56.0
388,35.0,47.0
393,35.0,52.0
341,40.0,49.0
887,57.0,74.0
1010,43.0,85.0
932,52.0,68.0
1049,45.0,82.0
977,38.0,76.0
951,26.0,85.0
228,59.0,66.0
219,40.0,65.0
243,37.0,61.0
240,46.0,68.0
231,41.0,69.0
302,29.0,81.0
285,30.0,68.0
321,26.0,79.0
299,34.0,78.0
322,21.0,94.0
301,31.0,67.0
272,48.0,43.0
283,39.0,75.0
295,41.0,44.0
298,35.0,61.0
271,50.0,72.0
276,39.0,83.0
612,52.0,58.0
608,43.0,57.0
508,34.0,55.0
526,46.0,68.0
472,49.0,71.0
478,34.0,70.0
676,44.0,146.0
564,58.0,169.0
486,57.0,130.0
757,55.0,159.0
488,58.0,130.0
164,25.0,59.0
246,26.0,70.0
250,23.0,68.0
166,31.0,97.0
167,19.0,54.0
186,21.0,106.0
308,55.0,56.0
378,49.0,63.0
342,39.0,64.0
334,39.0,76.0
330,44.0,58.0
347,57.0,49.0
328,40.0,28.0
334,35.0,24.0
312,51.0,25.0
366,33.0,20.0
351,35.0,24.0
317,56.0,30.0
250,27.0,86.0
267,23.0,112.0
276,29.0,96.0
271,29.0,96.0
251,21.0,80.0
283,26.0,97.0
519,36.0,59.0
511,29.0,44.0
477,28.0,43.0
504,30.0,43.0
458,31.0,40.0
490,35.0,54.0
487,21.0,60.0
501,29.0,50.0
492,26.0,62.0
491,19.0,53.0
510,21.0,70.0
499,31.0,58.0
209,24.0,56.0
262,45.0,34.0
171,31.0,69.0
220,33.0,49.0
198,25.0,71.0
205,37.0,62.0
417,24.0,51.0
413,29.0,49.0
473,31.0,49.0
432,32.0,53.0
439,29.0,42.0
420,25.0,50.0
459,8.0,57.0
490,13.0,58.0
513,22.0,68.0
490,13.0,43.0
498,18.0,60.0
244,21.0,34.0
269,22.0,33.0
264,25.0,34.0
564,66.0,54.0
557,53.0,46.0
469,43.0,28.0
411,77.0,41.0
522,88.0,41.0
476,45.0,30.0
603,55.0,256.0
358,10.0,78.0
403,12.0,107.0
394,12.0,87.0
367,8.0,88.0
567,55.0,241.0
417,35.0,56.0
726,121.0,52.0
519,32.0,49.0
489,37.0,59.0
680,114.0,49.0
460,37.0,49.0
283,55.0,44.0
303,68.0,37.0
290,85.0,46.0
276,93.0,37.0
309,77.0,32.0
269,89.0,41.0
624,46.0,62.0
469,58.0,62.0
583,47.0,76.0
532,49.0,64.0
432,19.0,39.0
384,18.0,65.0
439,9.0,75.0
367,16.0,53.0
23106,2468.0,4933.0
13918,1413.0,2737.0
32807,3350.0,7020.0
34412,3758.0,7798.0
271,56.0,104.0
339,61.0,99.0
319,48.0,86.0
290,50.0,103.0
276,63.0,91.0
635,72.0,182.0
229,32.0,169.0
600,77.0,180.0
610,46.0,158.0
141,30.0,76.0
604,68.0,189.0
510,47.0,98.0
626,49.0,79.0
516,49.0,94.0
580,58.0,89.0
643,39.0,88.0
552,49.0,100.0
250,35.0,70.0
251,22.0,65.0
240,41.0,69.0
263,32.0,56.0
264,21.0,65.0
572,16.0,115.0
337,31.0,73.0
517,25.0,121.0
385,29.0,95.0
487,21.0,126.0
1106,45.0,84.0
1736,50.0,123.0
1016,43.0,54.0
800,32.0,49.0
1469,49.0,111.0
1119,33.0,100.0
422,85.0,73.0
474,74.0,95.0
469,80.0,47.0
401,74.0,77.0
468,84.0,74.0
761,98.0,52.0
771,82.0,49.0
691,50.0,35.0
740,45.0,43.0
769,79.0,50.0
687,59.0,44.0
573,22.0,122.0
451,25.0,151.0
439,27.0,126.0
536,31.0,118.0
452,25.0,113.0
459,41.0,97.0
261,35.0,18.0
241,23.0,12.0
261,28.0,13.0
277,31.0,19.0
237,20.0,16.0
274,22.0,19.0
354,52.0,68.0
293,36.0,48.0
328,53.0,61.0
301,38.0,41.0
277,34.0,47.0
366,44.0,85.0
309,33.0,63.0
275,35.0,78.0
242,42.0,69.0
280,34.0,67.0
240,38.0,60.0
293,30.0,54.0
278,49.0,55.0
304,26.0,51.0
239,44.0,69.0
307,43.0,38.0
248,41.0,72.0
1777,41.0,87.0
1962,57.0,127.0
1774,54.0,113.0
1800,34.0,91.0
1764,45.0,107.0
1701,29.0,86.0
1037,83.0,107.0
1001,92.0,122.0
1080,97.0,97.0
997,77.0,111.0
1019,89.0,120.0
1136,79.0,109.0
556,12.0,62.0
518,8.0,50.0
562,18.0,66.0
590,12.0,74.0
480,11.0,40.0
587,11.0,63.0
2682,239.0,341.0
2231,223.0,285.0
3163,253.0,399.0
2607,207.0,336.0
3084,288.0,434.0
2782,206.0,320.0
1778,106.0,167.0
2132,131.0,262.0
1631,126.0,164.0
1395,71.0,123.0
1770,116.0,186.0
1880,113.0,184.0
547,55.0,178.0
417,46.0,176.0
396,44.0,173.0
391,42.0,203.0
427,33.0,146.0
526,56.0,179.0
202,40.0,47.0
188,38.0,28.0
196,35.0,59.0
186,41.0,26.0
204,29.0,35.0
190,41.0,54.0
403,34.0,44.0
355,37.0,40.0
368,43.0,51.0
365,50.0,57.0
388,40.0,42.0
358,45.0,53.0
332,29.0,54.0
357,28.0,72.0
323,35.0,44.0
341,31.0,73.0
336,22.0,77.0
329,29.0,54.0
61,16.0,80.0
67,10.0,88.0
69,6.0,71.0
68,8.0,71.0
69,12.0,89.0
508,39.0,48.0
510,40.0,79.0
485,57.0,54.0
542,48.0,58.0
453,48.0,52.0
509,35.0,54.0
353,42.0,92.0
412,38.0,97.0
385,37.0,92.0
331,37.0,135.0
320,42.0,88.0
375,38.0,82.0
339,27.0,36.0
307,37.0,43.0
364,30.0,38.0
348,29.0,44.0
314,34.0,49.0
329,24.0,34.0
1626,135.0,333.0
1941,153.0,388.0
1922,135.0,396.0
1937,158.0,342.0
1842,152.0,322.0
1925,162.0,359.0
310,48.0,84.0
412,54.0,78.0
383,37.0,96.0
394,47.0,83.0
436,66.0,74.0
354,51.0,93.0
326,31.0,49.0
322,35.0,51.0
321,36.0,39.0
323,29.0,51.0
342,32.0,46.0
384,37.0,52.0
406,64.0,56.0
299,38.0,34.0
348,39.0,50.0
311,27.0,43.0
458,52.0,53.0
432,52.0,62.0
382,30.0,68.0
361,36.0,69.0
340,41.0,51.0
345,42.0,69.0
312,42.0,42.0
388,60.0,40.0
372,44.0,41.0
314,34.0,37.0
357,45.0,31.0
352,36.0,35.0
323,37.0,44.0
381,17.0,91.0
404,24.0,93.0
393,14.0,101.0
683,29.0,108.0
400,27.0,93.0
350,23.0,54.0
273,32.0,58.0
225,27.0,69.0
286,24.0,56.0
247,29.0,61.0
279,34.0,57.0
224,23.0,67.0
249,34.0,89.0
220,43.0,76.0
240,35.0,70.0
276,33.0,79.0
232,37.0,70.0
227,31.0,87.0
440,75.0,124.0
378,72.0,127.0
301,63.0,112.0
302,70.0,109.0
410,70.0,130.0
372,61.0,136.0
428,15.0,106.0
385,22.0,87.0
518,23.0,79.0
414,19.0,93.0
459,13.0,91.0
513,27.0,89.0
337,26.0,60.0
423,36.0,77.0
400,23.0,90.0
443,40.0,68.0
311,33.0,51.0
427,29.0,79.0
367,64.0,73.0
347,42.0,63.0
325,38.0,64.0
337,56.0,75.0
339,48.0,79.0
343,31.0,65.0
340,27.0,72.0
335,27.0,66.0
393,28.0,67.0
369,28.0,72.0
428,28.0,90.0
337,17.0,84.0
338,40.0,83.0
300,34.0,61.0
321,21.0,74.0
312,34.0,65.0
374,25.0,81.0
332,23.0,79.0
348,51.0,110.0
367,54.0,98.0
396,59.0,86.0
337,50.0,91.0
406,58.0,84.0
274,98.0,54.0
275,118.0,107.0
251,114.0,63.0
273,116.0,83.0
267,59.0,45.0
259,117.0,85.0
430,31.0,67.0
427,29.0,62.0
430,23.0,69.0
442,35.0,108.0
438,28.0,109.0
446,29.0,96.0
2875,59.0,157.0
3583,100.0,286.0
2861,58.0,155.0
3063,61.0,181.0
3011,87.0,197.0
3201,68.0,197.0
235,29.0,40.0
219,38.0,44.0
265,32.0,48.0
203,36.0,48.0
210,41.0,50.0
248,27.0,41.0
290,19.0,35.0
296,22.0,33.0
399,35.0,32.0
317,17.0,31.0
103,1.0,26.0
379,32.0,33.0
387,33.0,71.0
384,32.0,80.0
409,25.0,69.0
366,38.0,78.0
386,40.0,71.0
396,21.0,73.0
770,72.0,97.0
791,63.0,98.0
850,90.0,134.0
817,83.0,125.0
786,76.0,111.0
753,74.0,108.0
553,78.0,122.0
549,69.0,118.0
525,65.0,119.0
183,55.0,61.0
189,46.0,64.0
201,48.0,64.0
312,44.0,91.0
308,40.0,91.0
323,52.0,93.0
305,48.0,65.0
308,41.0,77.0
359,45.0,100.0
562,79.0,117.0
531,95.0,143.0
520,104.0,94.0
561,81.0,145.0
538,94.0,132.0
554,113.0,104.0
574,68.0,147.0
803,72.0,121.0
621,80.0,169.0
229,51.0,113.0
558,73.0,172.0
628,85.0,180.0
295,56.0,110.0
246,57.0,95.0
302,63.0,105.0
285,56.0,118.0
272,52.0,92.0
231,64.0,93.0
415,40.0,73.0
400,61.0,53.0
578,73.0,127.0
530,69.0,59.0
403,42.0,62.0
344,50.0,56.0
197,29.0,46.0
187,33.0,42.0
195,34.0,34.0
188,34.0,46.0
192,23.0,66.0
208,29.0,50.0
432,53.0,94.0
356,48.0,93.0
435,46.0,106.0
320,61.0,106.0
313,64.0,108.0
333,57.0,103.0
438,53.0,53.0
396,45.0,102.0
406,46.0,66.0
407,49.0,88.0
424,55.0,58.0
388,41.0,99.0
179,41.0,35.0
182,44.0,32.0
201,44.0,30.0
199,40.0,23.0
193,39.0,21.0
405,50.0,86.0
429,42.0,73.0
352,58.0,79.0
435,46.0,74.0
321,59.0,74.0
379,52.0,63.0
383,35.0,67.0
382,40.0,55.0
369,25.0,67.0
322,26.0,47.0
354,32.0,46.0
390,23.0,55.0
406,44.0,126.0
355,51.0,124.0
407,36.0,94.0
366,57.0,119.0
420,40.0,91.0
432,36.0,92.0
550,38.0,77.0
556,44.0,88.0
584,36.0,139.0
236,40.0,42.0
573,45.0,132.0
546,42.0,114.0
256,32.0,45.0
275,34.0,49.0
198,24.0,75.0
205,28.0,76.0
239,23.0,64.0
528,40.0,111.0
480,39.0,84.0
418,29.0,91.0
426,46.0,71.0
495,35.0,100.0
656,33.0,129.0
1362,40.0,223.0
1006,44.0,146.0
1216,40.0,173.0
682,36.0,135.0
908,57.0,184.0
596,61.0,68.0
411,35.0,69.0
417,39.0,56.0
542,46.0,71.0
404,39.0,59.0
533,38.0,61.0
516,54.0,95.0
500,54.0,76.0
517,47.0,61.0
468,44.0,75.0
529,55.0,65.0
504,37.0,60.0
418,55.0,73.0
345,50.0,77.0
447,46.0,84.0
350,57.0,75.0
384,50.0,74.0
384,57.0,79.0
685,72.0,120.0
579,64.0,117.0
519,46.0,84.0
440,54.0,101.0
447,50.0,92.0
507,63.0,114.0
391,26.0,60.0
473,18.0,58.0
462,28.0,56.0
449,31.0,79.0
418,22.0,61.0
450,26.0,61.0
396,56.0,72.0
347,40.0,92.0
369,41.0,88.0
326,44.0,102.0
354,47.0,99.0
321,63.0,57.0
490,44.0,86.0
460,52.0,112.0
419,65.0,109.0
475,43.0,90.0
429,78.0,85.0
384,35.0,56.0
376,22.0,69.0
327,25.0,64.0
374,44.0,53.0
361,22.0,58.0
323,33.0,59.0
374,57.0,72.0
187,32.0,30.0
257,37.0,55.0
350,46.0,63.0
397,33.0,64.0
418,50.0,74.0
1521,120.0,164.0
1050,99.0,156.0
1017,104.0,143.0
1425,113.0,184.0
1313,108.0,168.0
616,34.0,78.0
318,37.0,66.0
330,32.0,87.0
329,28.0,66.0
325,50.0,78.0
330,38.0,63.0
302,41.0,69.0
296,44.0,34.0
289,45.0,34.0
296,51.0,37.0
296,42.0,32.0
310,35.0,24.0
307,47.0,28.0
358,29.0,102.0
365,40.0,112.0
347,33.0,97.0
335,38.0,104.0
357,35.0,89.0
539,38.0,113.0
546,44.0,116.0
538,48.0,108.0
630,53.0,141.0
1973,171.0,241.0
2740,249.0,456.0
2665,230.0,491.0
1901,159.0,246.0
1950,133.0,244.0
1941,161.0,323.0
64,7.0,27.0
315,35.0,57.0
362,45.0,53.0
318,18.0,62.0
361,50.0,49.0
60,5.0,31.0
307,39.0,69.0
355,52.0,53.0
338,44.0,62.0
311,49.0,73.0
394,39.0,54.0
303,45.0,67.0
215,32.0,27.0
202,29.0,36.0
236,25.0,22.0
234,26.0,23.0
224,31.0,24.0
433,30.0,93.0
409,36.0,119.0
420,34.0,113.0
491,29.0,78.0
427,41.0,94.0
471,36.0,78.0
283,38.0,62.0
247,41.0,68.0
300,38.0,56.0
264,37.0,62.0
300,33.0,56.0
326,22.0,59.0
370,30.0,83.0
325,35.0,62.0
377,32.0,76.0
153,19.0,22.0
162,20.0,22.0
148,16.0,22.0
149,30.0,26.0
162,21.0,31.0
156,22.0,25.0
181,15.0,24.0
181,26.0,40.0
195,26.0,41.0
182,21.0,26.0
192,22.0,27.0
170,24.0,24.0
1579,50.0,279.0
1447,44.0,256.0
1794,98.0,441.0
1629,76.0,422.0
447,22.0,90.0
418,14.0,89.0
304,10.0,27.0
314,7.0,25.0
288,16.0,28.0
267,29.0,35.0
258,44.0,45.0
601,27.0,79.0
603,35.0,95.0
682,19.0,62.0
610,52.0,97.0
690,22.0,50.0
609,44.0,85.0
250,32.0,53.0
237,19.0,23.0
217,37.0,44.0
234,28.0,28.0
241,22.0,45.0
245,37.0,43.0
290,25.0,29.0
290,24.0,33.0
305,30.0,32.0
305,40.0,50.0
320,45.0,46.0
308,32.0,49.0
260,45.0,128.0
261,51.0,156.0
248,47.0,143.0
283,50.0,168.0
258,51.0,120.0
262,63.0,184.0
1273,146.0,175.0
1279,143.0,189.0
704,114.0,206.0
789,85.0,119.0
372,55.0,79.0
440,48.0,91.0
332,48.0,108.0
335,23.0,101.0
354,36.0,124.0
343,31.0,85.0
337,22.0,89.0
323,47.0,98.0
318,46.0,90.0
299,33.0,76.0
301,34.0,91.0
320,48.0,77.0
302,37.0,68.0
315,17.0,59.0
315,27.0,64.0
307,15.0,63.0
359,15.0,76.0
294,25.0,54.0
306,34.0,35.0
299,39.0,35.0
295,33.0,35.0
317,33.0,27.0
303,42.0,36.0
305,28.0,34.0
363,30.0,89.0
388,30.0,86.0
423,25.0,75.0
465,38.0,73.0
406,20.0,81.0
406,36.0,112.0
329,50.0,90.0
454,37.0,109.0
414,41.0,103.0
347,36.0,89.0
320,45.0,86.0
378,21.0,31.0
340,22.0,50.0
377,14.0,39.0
361,21.0,49.0
353,22.0,57.0
377,16.0,30.0
299,36.0,58.0
457,37.0,51.0
421,32.0,48.0
309,31.0,47.0
295,37.0,52.0
482,43.0,55.0
306,39.0,116.0
321,38.0,90.0
359,25.0,70.0
354,30.0,66.0
338,42.0,101.0
332,26.0,70.0
604,32.0,71.0
623,48.0,100.0
565,44.0,94.0
515,34.0,56.0
562,35.0,65.0
614,35.0,100.0
356,69.0,72.0
368,65.0,73.0
397,80.0,64.0
355,69.0,71.0
347,65.0,80.0
413,80.0,64.0
211,57.0,27.0
258,58.0,21.0
254,50.0,19.0
249,45.0,26.0
233,51.0,22.0
221,46.0,24.0
424,45.0,70.0
393,37.0,72.0
446,50.0,71.0
335,41.0,72.0
423,45.0,73.0
272,35.0,75.0
344,60.0,65.0
317,71.0,68.0
314,66.0,74.0
339,63.0,57.0
328,71.0,65.0
374,83.0,177.0
362,84.0,168.0
327,56.0,86.0
364,58.0,150.0
350,57.0,110.0
324,56.0,101.0
591,40.0,52.0
598,32.0,60.0
608,31.0,95.0
605,27.0,119.0
623,35.0,95.0
599,39.0,55.0
381,50.0,91.0
361,44.0,75.0
364,67.0,102.0
385,72.0,88.0
334,54.0,61.0
405,54.0,95.0
737,35.0,107.0
728,28.0,105.0
748,45.0,90.0
726,45.0,87.0
723,36.0,106.0
744,33.0,103.0
376,44.0,32.0
382,56.0,41.0
398,49.0,32.0
610,61.0,73.0
385,62.0,41.0
365,64.0,43.0
166,84.0,34.0
174,56.0,54.0
178,60.0,35.0
174,69.0,23.0
175,67.0,46.0
175,73.0,24.0
358,32.0,68.0
352,25.0,64.0
365,22.0,39.0
367,18.0,43.0
354,21.0,55.0
346,10.0,43.0
427,85.0,98.0
365,61.0,124.0
360,69.0,114.0
354,75.0,108.0
465,94.0,90.0
493,92.0,99.0
347,32.0,62.0
433,35.0,59.0
491,36.0,70.0
425,30.0,46.0
415,36.0,33.0
351,34.0,24.0
417,47.0,82.0
467,45.0,106.0
483,40.0,101.0
397,32.0,92.0
440,33.0,91.0
2826,240.0,569.0
1454,166.0,362.0
2936,246.0,589.0
2082,176.0,463.0
1765,182.0,424.0
600,65.0,125.0
268,37.0,44.0
263,41.0,42.0
301,70.0,64.0
261,61.0,47.0
278,81.0,48.0
286,48.0,44.0
257,40.0,33.0
260,29.0,19.0
283,16.0,36.0
252,34.0,18.0
242,33.0,27.0
272,17.0,21.0
240,14.0,63.0
274,22.0,70.0
281,21.0,81.0
233,19.0,67.0
232,19.0,63.0
242,23.0,69.0
322,23.0,33.0
353,25.0,43.0
321,30.0,38.0
302,37.0,37.0
270,34.0,35.0
425,23.0,54.0
393,15.0,40.0
410,14.0,29.0
407,18.0,36.0
410,25.0,74.0
401,14.0,61.0
982,49.0,112.0
1064,34.0,154.0
993,34.0,124.0
989,40.0,127.0
1029,64.0,117.0
1024,60.0,97.0
304,31.0,98.0
387,45.0,69.0
312,35.0,86.0
404,52.0,68.0
365,33.0,72.0
354,33.0,86.0
3066,176.0,513.0
5962,332.0,756.0
3568,174.0,589.0
4040,203.0,712.0
4747,281.0,599.0
1372,70.0,283.0
397,51.0,61.0
472,58.0,62.0
416,57.0,52.0
405,38.0,59.0
403,48.0,53.0
413,40.0,53.0
472,39.0,56.0
494,35.0,62.0
512,38.0,58.0
466,39.0,61.0
491,32.0,68.0
514,41.0,61.0
360,58.0,132.0
2493,163.0,345.0
2088,80.0,275.0
2388,170.0,355.0
2121,98.0,244.0
2168,103.0,233.0
2316,124.0,406.0
522,54.0,77.0
507,58.0,88.0
139,33.0,74.0
479,68.0,101.0
155,41.0,73.0
161,44.0,81.0
396,26.0,58.0
439,17.0,50.0
426,26.0,66.0
394,24.0,44.0
388,32.0,58.0
394,16.0,52.0
195,27.0,49.0
240,37.0,69.0
217,30.0,56.0
243,28.0,66.0
232,48.0,52.0
243,21.0,81.0
411,24.0,86.0
421,28.0,74.0
365,40.0,84.0
356,31.0,58.0
373,36.0,79.0
396,31.0,68.0
224,22.0,98.0
236,23.0,82.0
222,22.0,87.0
246,26.0,79.0
215,29.0,88.0
214,27.0,97.0
348,43.0,96.0
345,49.0,98.0
339,44.0,102.0
325,33.0,79.0
321,28.0,72.0
314,37.0,69.0
431,28.0,44.0
403,34.0,42.0
404,20.0,36.0
371,21.0,35.0
408,16.0,38.0
427,24.0,40.0
258,59.0,73.0
257,59.0,75.0
316,40.0,66.0
296,53.0,63.0
801,39.0,82.0
889,19.0,94.0
672,21.0,78.0
752,29.0,89.0
914,22.0,73.0
578,20.0,86.0
313,21.0,68.0
326,26.0,52.0
314,18.0,58.0
296,26.0,71.0
319,23.0,71.0
318,23.0,65.0
187,46.0,37.0
202,31.0,39.0
207,23.0,32.0
214,22.0,40.0
210,29.0,40.0
202,14.0,45.0
702,33.0,139.0
355,27.0,90.0
781,36.0,192.0
681,35.0,138.0
762,26.0,199.0
746,29.0,150.0
546,32.0,77.0
467,46.0,78.0
460,38.0,83.0
507,27.0,116.0
529,26.0,80.0
367,30.0,77.0
432,48.0,71.0
367,29.0,60.0
337,36.0,71.0
392,47.0,76.0
354,33.0,70.0
394,43.0,104.0
371,32.0,103.0
1479,71.0,194.0
1418,60.0,163.0
1387,73.0,188.0
1421,67.0,199.0
1480,54.0,181.0
1331,60.0,177.0
1102,89.0,225.0
1100,91.0,278.0
939,89.0,207.0
1113,83.0,245.0
1152,90.0,269.0
790,68.0,170.0
380,45.0,77.0
318,34.0,49.0
322,31.0,51.0
381,36.0,89.0
381,41.0,79.0
300,27.0,57.0
702,55.0,134.0
837,41.0,108.0
798,54.0,131.0
708,48.0,149.0
653,38.0,86.0
758,37.0,105.0
2662,242.0,381.0
2613,230.0,386.0
2643,251.0,406.0
2860,252.0,513.0
2282,225.0,430.0
2569,243.0,454.0
1120,61.0,111.0
1156,62.0,124.0
1152,72.0,92.0
1138,85.0,89.0
1152,74.0,96.0
1183,97.0,92.0
390,42.0,98.0
277,41.0,103.0
355,36.0,109.0
290,38.0,103.0
399,43.0,75.0
479,48.0,138.0
476,61.0,141.0
321,56.0,104.0
255,41.0,62.0
366,45.0,86.0
200,32.0,50.0
196,35.0,49.0
242,23.0,37.0
232,22.0,52.0
239,32.0,33.0
261,57.0,86.0
281,47.0,80.0
272,51.0,92.0
276,40.0,92.0
277,44.0,96.0
346,33.0,84.0
330,32.0,82.0
343,54.0,87.0
325,55.0,83.0
330,50.0,80.0
350,30.0,81.0
781,163.0,248.0
909,149.0,184.0
443,124.0,182.0
443,129.0,182.0
920,166.0,194.0
861,35.0,51.0
645,22.0,44.0
757,28.0,45.0
804,26.0,54.0
700,26.0,44.0
846,32.0,43.0
378,30.0,34.0
437,41.0,70.0
381,25.0,46.0
380,30.0,75.0
385,20.0,71.0
394,18.0,44.0
480,53.0,92.0
481,61.0,96.0
468,48.0,67.0
486,54.0,75.0
496,64.0,92.0
490,73.0,65.0
263,67.0,118.0
281,69.0,107.0
308,73.0,112.0
374,68.0,106.0
364,63.0,100.0
321,112.0,55.0
389,103.0,51.0
354,107.0,51.0
327,108.0,59.0
368,87.0,46.0
363,93.0,49.0
572,48.0,74.0
457,46.0,94.0
509,37.0,89.0
495,54.0,91.0
556,44.0,70.0
491,38.0,73.0
197,28.0,48.0
235,38.0,32.0
231,34.0,43.0
231,42.0,32.0
198,41.0,45.0
232,30.0,33.0
247,75.0,62.0
256,68.0,60.0
259,55.0,53.0
248,61.0,64.0
271,62.0,51.0
606,59.0,242.0
590,40.0,166.0
483,32.0,75.0
499,27.0,107.0
425,30.0,82.0
425,29.0,78.0
276,39.0,75.0
267,32.0,73.0
264,40.0,63.0
344,32.0,103.0
247,36.0,73.0
331,42.0,92.0
324,30.0,52.0
318,27.0,56.0
318,28.0,53.0
188,37.0,39.0
186,46.0,33.0
201,31.0,48.0
189,45.0,45.0
185,50.0,34.0
190,48.0,42.0
123,21.0,59.0
114,14.0,40.0
114,20.0,50.0
129,13.0,40.0
113,15.0,45.0
119,20.0,55.0
1378,136.0,248.0
1579,136.0,290.0
1440,110.0,253.0
1481,99.0,245.0
1415,117.0,244.0
1711,108.0,344.0
266,41.0,62.0
229,48.0,59.0
306,53.0,50.0
275,37.0,54.0
238,40.0,64.0
160,12.0,51.0
166,17.0,57.0
153,9.0,62.0
146,17.0,59.0
151,17.0,63.0
171,18.0,51.0
267,24.0,66.0
272,19.0,58.0
233,28.0,65.0
274,22.0,55.0
272,16.0,54.0
262,21.0,64.0
386,53.0,75.0
425,60.0,79.0
364,61.0,74.0
349,62.0,77.0
378,49.0,84.0
490,30.0,120.0
426,47.0,151.0
542,41.0,111.0
397,30.0,141.0
466,31.0,167.0
569,43.0,86.0
251,47.0,44.0
232,46.0,48.0
255,60.0,36.0
264,62.0,38.0
72,16.0,20.0
68,15.0,25.0
472,49.0,85.0
445,36.0,74.0
415,27.0,95.0
460,40.0,79.0
453,34.0,95.0
624,42.0,82.0
641,43.0,88.0
656,40.0,81.0
645,34.0,109.0
585,35.0,83.0
601,45.0,80.0
1273,121.0,169.0
1358,118.0,221.0
1352,153.0,260.0
1225,138.0,199.0
1401,175.0,252.0
1208,126.0,141.0
355,45.0,114.0
338,56.0,92.0
416,39.0,99.0
371,49.0,85.0
344,48.0,88.0
391,45.0,113.0
595,39.0,93.0
495,33.0,86.0
566,27.0,75.0
1543,74.0,249.0
607,30.0,87.0
548,37.0,84.0
639,33.0,91.0
647,34.0,87.0
625,42.0,107.0
544,39.0,91.0
627,37.0,103.0
590,41.0,94.0
271,58.0,70.0
279,47.0,47.0
273,46.0,93.0
268,49.0,47.0
281,52.0,59.0
265,48.0,41.0
221,34.0,49.0
228,46.0,34.0
218,39.0,51.0
226,45.0,41.0
238,38.0,42.0
212,43.0,49.0
8728,619.0,1451.0
9075,707.0,1553.0
8341,496.0,1270.0
8163,540.0,1234.0
8994,512.0,1498.0
8101,518.0,1170.0
461,39.0,67.0
413,35.0,84.0
382,72.0,92.0
437,44.0,78.0
403,60.0,82.0
401,55.0,86.0
743,42.0,99.0
815,63.0,88.0
831,62.0,74.0
750,61.0,90.0
696,56.0,103.0
702,56.0,95.0
570,41.0,100.0
557,47.0,82.0
514,28.0,84.0
512,44.0,104.0
489,28.0,111.0
6341,409.0,1068.0
6120,429.0,1055.0
6086,333.0,792.0
5965,363.0,775.0
6866,332.0,1043.0
5905,391.0,699.0
420,43.0,76.0
337,73.0,96.0
336,86.0,111.0
377,41.0,83.0
370,54.0,73.0
355,50.0,108.0
315,57.0,96.0
337,24.0,67.0
351,54.0,107.0
307,53.0,95.0
329,37.0,62.0
376,36.0,96.0
244,13.0,26.0
247,25.0,15.0
232,26.0,16.0
242,22.0,13.0
244,36.0,16.0
244,25.0,16.0
414,40.0,81.0
439,55.0,57.0
435,50.0,56.0
379,49.0,67.0
408,45.0,64.0
230,24.0,37.0
228,25.0,47.0
222,31.0,30.0
221,15.0,26.0
235,28.0,22.0
232,33.0,22.0
470,20.0,78.0
455,21.0,75.0
473,22.0,79.0
463,24.0,76.0
451,18.0,72.0
474,15.0,74.0
235,63.0,69.0
233,57.0,54.0
214,53.0,53.0
227,77.0,69.0
240,72.0,62.0
225,56.0,55.0
451,27.0,82.0
532,44.0,77.0
434,33.0,80.0
660,43.0,133.0
496,43.0,81.0
517,55.0,68.0
496,38.0,147.0
456,42.0,134.0
448,46.0,120.0
91,9.0,49.0
97,5.0,57.0
106,8.0,55.0
251,37.0,39.0
233,42.0,36.0
273,34.0,29.0
236,34.0,25.0
235,38.0,38.0
211,39.0,92.0
216,41.0,70.0
207,48.0,74.0
221,47.0,42.0
214,43.0,44.0
198,40.0,42.0
663,42.0,133.0
678,30.0,114.0
682,37.0,121.0
641,25.0,71.0
649,24.0,103.0
647,32.0,92.0
461,66.0,198.0
406,44.0,159.0
438,47.0,184.0
486,53.0,135.0
481,49.0,141.0
433,37.0,149.0
443,29.0,108.0
394,13.0,96.0
428,19.0,114.0
408,22.0,82.0
427,28.0,89.0
401,31.0,116.0
293,31.0,90.0
294,35.0,84.0
281,24.0,63.0
330,27.0,72.0
305,24.0,78.0
294,20.0,72.0
315,40.0,54.0
293,34.0,63.0
312,39.0,47.0
479,28.0,65.0
463,39.0,51.0
449,33.0,68.0
411,40.0,55.0
399,27.0,61.0
156,23.0,55.0
150,24.0,54.0
148,21.0,58.0
158,26.0,55.0
142,29.0,48.0
156,23.0,56.0
546,32.0,77.0
467,46.0,78.0
460,38.0,83.0
507,27.0,116.0
529,26.0,80.0
297,27.0,104.0
311,27.0,64.0
300,27.0,71.0
267,22.0,109.0
306,20.0,107.0
294,23.0,83.0
215,34.0,43.0
226,38.0,57.0
218,34.0,38.0
223,44.0,52.0
235,36.0,42.0
223,40.0,48.0
273,46.0,106.0
275,29.0,70.0
277,45.0,77.0
284,32.0,108.0
282,46.0,96.0
224,42.0,39.0
208,40.0,35.0
236,34.0,48.0
223,27.0,32.0
238,27.0,33.0
243,32.0,35.0
255,43.0,31.0
268,20.0,35.0
281,40.0,31.0
238,43.0,39.0
267,41.0,34.0
282,49.0,22.0
1581,139.0,303.0
1183,142.0,233.0
2142,232.0,402.0
1685,172.0,369.0
1898,209.0,360.0
606,83.0,122.0
412,57.0,56.0
333,49.0,27.0
402,58.0,57.0
346,45.0,20.0
419,36.0,49.0
450,35.0,59.0
210,49.0,27.0
236,49.0,42.0
217,56.0,36.0
211,51.0,29.0
225,55.0,22.0
219,63.0,46.0
413,43.0,83.0
144,23.0,48.0
408,50.0,77.0
390,52.0,79.0
378,46.0,73.0
136,25.0,47.0
266,55.0,87.0
276,61.0,86.0
269,68.0,83.0
267,67.0,96.0
261,61.0,76.0
267,57.0,85.0
629,22.0,51.0
612,48.0,60.0
598,17.0,51.0
631,43.0,65.0
565,27.0,55.0
594,42.0,62.0
404,53.0,136.0
400,50.0,89.0
405,60.0,81.0
384,73.0,129.0
422,46.0,122.0
425,61.0,47.0
367,35.0,57.0
337,39.0,65.0
355,52.0,65.0
350,56.0,68.0
456,50.0,56.0
246,40.0,31.0
258,46.0,31.0
208,49.0,35.0
206,47.0,37.0
258,50.0,31.0
228,45.0,34.0
784,60.0,114.0
706,66.0,82.0
748,74.0,108.0
707,67.0,81.0
736,62.0,68.0
764,48.0,109.0
207,21.0,23.0
213,16.0,16.0
197,21.0,19.0
210,18.0,21.0
189,26.0,24.0
197,26.0,26.0
290,7.0,25.0
303,14.0,21.0
303,14.0,23.0
262,20.0,24.0
296,13.0,34.0
286,19.0,32.0
204,22.0,40.0
219,26.0,28.0
185,28.0,34.0
223,31.0,27.0
214,17.0,29.0
189,25.0,32.0
362,57.0,80.0
339,56.0,72.0
309,46.0,75.0
306,39.0,61.0
346,57.0,77.0
265,45.0,79.0
446,42.0,41.0
311,42.0,45.0
438,36.0,38.0
301,48.0,48.0
481,40.0,35.0
433,45.0,45.0
922,34.0,183.0
1336,101.0,373.0
877,94.0,253.0
1176,111.0,343.0
1151,36.0,132.0
715,24.0,140.0
417,50.0,46.0
93,34.0,26.0
438,46.0,44.0
88,18.0,28.0
427,50.0,36.0
89,40.0,26.0
387,41.0,49.0
405,40.0,63.0
503,41.0,94.0
351,35.0,42.0
551,36.0,92.0
409,31.0,76.0
406,38.0,72.0
548,51.0,87.0
495,47.0,111.0
514,47.0,96.0
408,47.0,57.0
529,33.0,74.0
652,79.0,94.0
666,78.0,96.0
193,25.0,27.0
656,89.0,96.0
734,71.0,78.0
718,51.0,84.0
242,22.0,41.0
234,23.0,36.0
237,27.0,38.0
286,29.0,55.0
286,34.0,36.0
238,31.0,41.0
315,25.0,72.0
302,22.0,74.0
295,27.0,67.0
289,24.0,61.0
398,43.0,67.0
373,38.0,65.0
207,17.0,58.0
157,22.0,48.0
167,20.0,49.0
198,13.0,61.0
174,20.0,49.0
184,12.0,55.0
335,45.0,60.0
365,63.0,94.0
325,42.0,57.0
335,56.0,80.0
344,57.0,77.0
316,34.0,51.0
179,22.0,21.0
189,19.0,40.0
191,21.0,40.0
190,16.0,28.0
197,23.0,42.0
163,20.0,21.0
251,41.0,59.0
251,43.0,68.0
260,41.0,56.0
263,32.0,47.0
272,34.0,46.0
308,29.0,38.0
326,27.0,41.0
313,28.0,69.0
305,36.0,74.0
309,20.0,47.0
297,23.0,77.0
365,53.0,41.0
405,63.0,34.0
431,68.0,30.0
346,42.0,53.0
410,44.0,32.0
389,47.0,39.0
340,44.0,98.0
323,37.0,51.0
334,59.0,80.0
355,48.0,45.0
331,49.0,63.0
312,52.0,55.0
333,40.0,57.0
356,49.0,49.0
362,47.0,49.0
309,47.0,53.0
327,42.0,65.0
266,33.0,55.0
292,29.0,55.0
256,44.0,63.0
260,42.0,73.0
285,32.0,52.0
256,39.0,66.0
177,42.0,51.0
170,47.0,55.0
192,42.0,53.0
193,40.0,49.0
201,36.0,42.0
177,42.0,58.0
558,41.0,85.0
517,26.0,80.0
561,39.0,106.0
555,24.0,101.0
550,34.0,93.0
557,23.0,79.0
144,21.0,31.0
134,26.0,25.0
170,29.0,26.0
171,25.0,25.0
142,25.0,28.0
133,29.0,26.0
270,38.0,82.0
265,26.0,89.0
258,30.0,118.0
288,41.0,87.0
238,32.0,85.0
349,39.0,57.0
450,23.0,74.0
397,36.0,71.0
397,25.0,80.0
503,26.0,70.0
450,19.0,68.0
324,15.0,49.0
89,2.0,33.0
314,15.0,57.0
315,22.0,56.0
89,3.0,30.0
333,11.0,42.0
410,19.0,132.0
481,18.0,117.0
465,13.0,111.0
510,15.0,105.0
404,18.0,128.0
528,13.0,108.0
227,19.0,55.0
257,14.0,51.0
228,16.0,58.0
258,15.0,45.0
276,16.0,48.0
244,16.0,62.0
248,33.0,40.0
267,26.0,37.0
276,22.0,45.0
246,39.0,37.0
278,33.0,32.0
271,35.0,32.0
435,12.0,77.0
332,37.0,60.0
343,34.0,62.0
343,31.0,70.0
322,31.0,73.0
319,31.0,64.0
338,36.0,59.0
225,52.0,60.0
224,43.0,53.0
233,56.0,53.0
269,40.0,29.0
306,41.0,42.0
285,47.0,40.0
468,19.0,111.0
475,28.0,157.0
492,29.0,153.0
501,23.0,117.0
477,30.0,152.0
433,18.0,110.0
396,57.0,60.0
398,58.0,75.0
424,60.0,69.0
399,76.0,68.0
430,61.0,60.0
390,54.0,77.0
218,37.0,35.0
199,34.0,35.0
264,45.0,54.0
224,41.0,45.0
274,36.0,53.0
226,32.0,31.0
199,18.0,30.0
194,38.0,40.0
182,21.0,30.0
172,41.0,39.0
161,42.0,33.0
188,17.0,28.0
72,6.0,6.0
91,,1.0
89,,4.0
86,6.0,5.0
78,1.0,2.0
87,4.0,4.0
422,17.0,73.0
342,15.0,75.0
363,19.0,76.0
365,19.0,72.0
363,12.0,90.0
414,19.0,70.0
434,52.0,71.0
454,31.0,55.0
443,54.0,64.0
455,49.0,71.0
468,37.0,59.0
434,56.0,61.0
466,52.0,66.0
438,58.0,89.0
333,49.0,76.0
470,52.0,84.0
382,48.0,79.0
498,71.0,97.0
338,49.0,75.0
305,53.0,81.0
594,99.0,232.0
271,48.0,119.0
309,37.0,87.0
532,54.0,80.0
543,58.0,81.0
462,44.0,63.0
499,38.0,63.0
490,29.0,62.0
539,47.0,70.0
723,120.0,218.0
421,55.0,107.0
429,41.0,73.0
737,134.0,253.0
410,38.0,76.0
397,45.0,78.0
285,36.0,114.0
300,26.0,89.0
275,30.0,103.0
318,37.0,108.0
256,34.0,117.0
155,19.0,30.0
165,20.0,39.0
158,20.0,34.0
170,13.0,48.0
142,16.0,35.0
162,23.0,42.0
198,41.0,46.0
245,42.0,55.0
225,30.0,52.0
202,37.0,45.0
208,40.0,51.0
241,39.0,54.0
296,31.0,45.0
333,38.0,37.0
278,39.0,48.0
245,31.0,54.0
324,38.0,40.0
295,41.0,49.0
298,70.0,85.0
287,71.0,76.0
336,61.0,77.0
281,73.0,83.0
255,80.0,86.0
306,59.0,75.0
164,9.0,29.0
177,12.0,29.0
153,16.0,35.0
166,14.0,30.0
150,20.0,36.0
156,23.0,37.0
633,72.0,144.0
587,60.0,98.0
590,57.0,95.0
633,72.0,118.0
643,76.0,129.0
384,50.0,78.0
295,49.0,89.0
318,39.0,49.0
285,49.0,51.0
301,49.0,76.0
313,49.0,78.0
453,53.0,119.0
441,40.0,130.0
390,37.0,75.0
385,34.0,41.0
421,26.0,50.0
398,29.0,62.0
383,39.0,72.0
459,59.0,139.0
510,51.0,137.0
21,,
475,55.0,143.0
328,48.0,24.0
344,38.0,24.0
369,60.0,21.0
329,48.0,29.0
356,62.0,35.0
346,46.0,26.0
347,28.0,52.0
457,59.0,68.0
344,16.0,55.0
369,42.0,54.0
318,25.0,59.0
321,40.0,66.0
350,29.0,65.0
337,23.0,43.0
334,25.0,72.0
304,18.0,54.0
244,22.0,35.0
225,24.0,33.0
225,24.0,45.0
221,19.0,56.0
209,23.0,34.0
240,25.0,36.0
138,11.0,6.0
130,1.0,2.0
129,6.0,9.0
119,8.0,8.0
125,1.0,3.0
132,2.0,4.0
371,41.0,79.0
323,49.0,42.0
431,59.0,56.0
443,46.0,72.0
360,46.0,73.0
2821,65.0,145.0
1226,31.0,78.0
1176,44.0,74.0
2048,57.0,128.0
1115,50.0,74.0
1417,39.0,93.0
307,70.0,44.0
328,60.0,43.0
316,69.0,46.0
311,56.0,43.0
319,59.0,44.0
314,68.0,40.0
301,25.0,60.0
341,26.0,45.0
335,29.0,55.0
331,23.0,40.0
326,30.0,47.0
311,31.0,55.0
190,15.0,29.0
204,13.0,36.0
178,18.0,26.0
191,19.0,40.0
211,19.0,39.0
171,15.0,26.0
396,30.0,48.0
382,24.0,47.0
400,18.0,41.0
373,31.0,47.0
396,21.0,42.0
560,29.0,52.0
469,15.0,47.0
453,18.0,68.0
455,18.0,48.0
447,21.0,73.0
458,21.0,67.0
416,15.0,53.0
239,21.0,69.0
223,24.0,54.0
209,31.0,53.0
240,32.0,56.0
202,33.0,66.0
218,17.0,14.0
231,14.0,14.0
188,21.0,13.0
174,25.0,34.0
223,24.0,30.0
172,32.0,32.0
259,33.0,65.0
275,23.0,47.0
297,40.0,41.0
293,34.0,61.0
263,37.0,62.0
740,63.0,175.0
736,55.0,140.0
750,90.0,204.0
782,64.0,147.0
771,83.0,237.0
777,85.0,206.0
271,43.0,35.0
240,32.0,26.0
275,40.0,44.0
277,32.0,41.0
260,32.0,26.0
440,54.0,129.0
422,47.0,112.0
448,45.0,124.0
447,50.0,107.0
429,47.0,110.0
428,61.0,127.0
711,53.0,147.0
632,49.0,145.0
474,63.0,131.0
681,56.0,134.0
432,86.0,120.0
440,80.0,135.0
496,17.0,83.0
520,21.0,80.0
513,25.0,77.0
372,18.0,91.0
392,19.0,96.0
526,19.0,99.0
390,43.0,74.0
480,38.0,70.0
477,37.0,65.0
390,48.0,63.0
453,29.0,64.0
409,32.0,78.0
683,73.0,107.0
677,72.0,103.0
705,64.0,111.0
785,82.0,114.0
727,90.0,115.0
732,78.0,104.0
417,50.0,83.0
366,41.0,104.0
416,38.0,129.0
403,28.0,107.0
428,43.0,98.0
274,34.0,96.0
305,34.0,86.0
271,46.0,78.0
329,41.0,106.0
273,35.0,72.0
676,63.0,79.0
701,44.0,95.0
707,38.0,110.0
761,46.0,86.0
742,60.0,89.0
763,35.0,98.0
600,29.0,88.0
662,36.0,126.0
486,34.0,99.0
750,41.0,100.0
481,34.0,119.0
383,18.0,77.0
313,37.0,66.0
301,16.0,53.0
348,34.0,76.0
248,22.0,46.0
314,21.0,61.0
329,28.0,60.0
391,12.0,57.0
349,45.0,102.0
403,27.0,119.0
361,15.0,62.0
350,49.0,100.0
325,17.0,76.0
242,38.0,67.0
232,34.0,61.0
261,41.0,55.0
259,37.0,52.0
249,45.0,54.0
238,38.0,70.0
418,45.0,95.0
408,38.0,111.0
386,42.0,121.0
354,48.0,111.0
401,42.0,135.0
421,40.0,100.0
318,24.0,43.0
322,21.0,37.0
328,34.0,55.0
331,25.0,37.0
289,31.0,68.0
314,35.0,56.0
232,32.0,50.0
216,43.0,42.0
234,32.0,65.0
228,52.0,57.0
220,48.0,62.0
221,45.0,51.0
291,49.0,78.0
301,32.0,47.0
292,22.0,52.0
321,28.0,78.0
298,45.0,72.0
234,23.0,49.0
241,19.0,59.0
255,25.0,82.0
55,7.0,45.0
246,29.0,55.0
300,79.0,54.0
263,73.0,83.0
280,46.0,90.0
266,77.0,76.0
305,65.0,46.0
289,64.0,56.0
352,27.0,79.0
347,33.0,76.0
375,29.0,85.0
387,24.0,58.0
371,31.0,61.0
217,52.0,70.0
237,42.0,61.0
223,38.0,49.0
238,32.0,45.0
246,47.0,71.0
229,39.0,49.0
199,21.0,30.0
142,19.0,35.0
173,24.0,28.0
173,28.0,54.0
171,26.0,47.0
166,23.0,56.0
161,26.0,68.0
160,28.0,64.0
173,29.0,70.0
166,27.0,76.0
192,30.0,54.0
322,40.0,71.0
333,56.0,44.0
302,56.0,66.0
328,44.0,46.0
301,49.0,48.0
297,53.0,65.0
209,43.0,65.0
261,59.0,60.0
281,62.0,57.0
176,61.0,67.0
192,67.0,69.0
220,50.0,59.0
322,22.0,42.0
325,31.0,51.0
344,35.0,44.0
320,24.0,40.0
304,24.0,35.0
340,27.0,50.0
734,51.0,108.0
848,47.0,111.0
484,30.0,127.0
892,35.0,97.0
496,27.0,134.0
591,41.0,138.0
3506,272.0,541.0
3651,227.0,480.0
2353,173.0,328.0
2778,223.0,319.0
3982,254.0,481.0
709,100.0,158.0
786,33.0,156.0
835,38.0,157.0
1053,40.0,168.0
1013,35.0,164.0
866,44.0,177.0
760,34.0,136.0
467,29.0,72.0
406,33.0,105.0
451,35.0,76.0
445,37.0,70.0
409,44.0,107.0
433,34.0,91.0
399,39.0,44.0
409,61.0,81.0
439,52.0,88.0
386,39.0,59.0
418,66.0,104.0
403,49.0,43.0
335,26.0,53.0
337,14.0,60.0
340,19.0,63.0
352,16.0,91.0
331,22.0,67.0
364,21.0,77.0
485,41.0,79.0
466,41.0,77.0
523,35.0,75.0
547,33.0,71.0
560,28.0,63.0
154,18.0,32.0
155,20.0,34.0
166,24.0,42.0
167,29.0,52.0
158,25.0,49.0
378,35.0,81.0
296,29.0,80.0
326,37.0,85.0
377,35.0,67.0
277,27.0,83.0
377,31.0,70.0
740,32.0,137.0
760,40.0,148.0
716,41.0,150.0
719,46.0,162.0
724,48.0,156.0
722,34.0,128.0
